rmse	mae	r2	pearson	spearman	task	method_name	method_params	hash
0.37614456041614813	0.28595060456884946	0.024849411379685382	0.8112722604755362	0.8174380319971292	top20_abundant_msi_full_rna	elastic_net	{'alpha': 0.1, 'l1_ratio': 0.5}	7dcaff6e67
