rmse	mae	r2	pearson	spearman	task	method_name	method_params	hash
0.3166155224511841	0.24484294286729	0.4554100993611726	0.92438088518783	0.924592955307084	top5_spat_msi_full_rna	xgboost	{'alpha': 0, 'lambda': 10, 'max_depth': 6, 'learning_rate': 0.1, 'n_estimators': 300, 'subsample': 0.8, 'colsample_bytree': 0.8, 'min_child_weight': 1, 'early_stopping_rounds': 5, 'n_jobs': 20}	ef8eb9378d
0.3298876227318857	0.2556133817608453	0.4105152722456141	0.91727818739394	0.9174694813616942	top5_spat_msi_full_rna	ridge	{'alpha': 200.0}	7f10eff573
0.3342603420535401	0.2586048786826423	0.3920536523368282	0.915456265794364	0.9150140616613832	top5_spat_msi_full_rna	elastic_net	{'alpha': 0.01, 'l1_ratio': 0.5}	7503d44b5e
0.3383827115558948	0.2621437061285255	0.3754353327826678	0.9135528390977524	0.9123784395193464	top5_spat_msi_full_rna	lasso	{'alpha': 0.01}	8837bd7899
0.7588130991306301	0.5710611939430237	-2.3403160572052	0.6959318	0.7137235917603761	top5_spat_msi_full_rna	cvae	{'hidden_dim': 256, 'latent_dim': 40, 'lr': 0.0002, 'epochs': 250, 'batch_size': 128}	b73b676a49
1.1350166010285403	0.8334233860563401	-5.975627074377945	0.5313156635935067	0.5706992128627405	top5_spat_msi_full_rna	linear	{'parm': 0}	814d6e79c2
