rmse	mae	r2	pearson	spearman	task	method_name	method_params	hash
0.2973476290382189	0.22838641153741537	-0.05291740956039932	0.970634750053675	0.9321408550749175	V11L12_MOSCOT_selected_genes_selected_msi	elastic_net	{'alpha': 0.01, 'l1_ratio': 0.5}	6440df2963
