rmse	mae	r2	pearson	spearman	task	method_name	method_params	hash
0.3252325355785522	0.2509485081337255	0.1179438393913581	0.7439008714830109	0.6863541655157289	top10_abundant_msi_full_rna	xgboost	{'alpha': 0, 'lambda': 10, 'max_depth': 6, 'learning_rate': 0.1, 'n_estimators': 300, 'subsample': 0.8, 'colsample_bytree': 0.8, 'min_child_weight': 1, 'early_stopping_rounds': 5, 'n_jobs': 20}	5f5312d4f2
0.3288907001024365	0.2522042520388126	0.0962847082785236	0.7391445586501882	0.6882782979089773	top10_abundant_msi_full_rna	elastic_net	{'alpha': 0.01, 'l1_ratio': 0.5}	6736a47acb
0.3317036585160245	0.2539615155941145	0.0803179225076502	0.7340943662231272	0.6824347993849914	top10_abundant_msi_full_rna	lasso	{'alpha': 0.01}	0ad93aa331
0.3338215052807106	0.25802542478346	0.0687139368648085	0.7295796937514624	0.671828733542243	top10_abundant_msi_full_rna	ridge	{'alpha': 200.0}	f5096b909c
0.8531235900979042	0.6510220766067505	-5.29200553894043	0.31480187	0.3084701479098584	top10_abundant_msi_full_rna	cvae	{'hidden_dim': 256, 'latent_dim': 40, 'lr': 0.0002, 'epochs': 250, 'batch_size': 128}	d30948da02
1.1693999595898434	0.8752458600812101	-10.371057235614952	0.2206281579044725	0.2437787708476939	top10_abundant_msi_full_rna	linear	{'parm': 0}	b5b15bb9ca
