rmse	mae	r2	pearson	spearman	task	method_name	method_params	hash
0.2966191102640745	0.22696075082239683	0.1336646096171225	0.7454250372068147	0.7488677030579295	top5_abundant_msi_full_rna	elastic_net	{'alpha': 0.01, 'l1_ratio': 0.5}	1d0acc39e7
