rmse	mae	r2	pearson	spearman	task	method_name	method_params	hash
0.3715750070939	0.2901058788372897	-0.15006224014536762	0.6696180511870498	0.6120782799117295	top10_abundant_msi_full_rna	elastic_net	{'alpha': 0.001, 'l1_ratio': 0.5}	287e8f2c1c
