rmse	mae	r2	pearson	spearman	task	method_name	method_params	hash
0.33426034205354016	0.25860487868264237	0.3920536523368282	0.9154562657943641	0.9150140616613831	top5_spat_msi_full_rna	elastic_net	{'alpha': 0.01, 'l1_ratio': 0.5}	7503d44b5e
