rmse	mae	r2	pearson	spearman	task	method_name	method_params	hash
0.3634628838137109	0.2832222003739807	0.28628866542905823	0.8994046565291307	0.9006542668363895	top5_spat_msi_full_rna	elastic_net	{'alpha': 0.001, 'l1_ratio': 0.5}	9cf3c95425
