rmse	mae	r2	pearson	spearman	task	method_name	method_params	hash
0.2889279532805077	0.2225012598315868	0.1772225049588587	0.759539840732413	0.7628893465910338	top5_abundant_msi_full_rna	xgboost	{'alpha': 10, 'lambda': 50, 'max_depth': 5, 'learning_rate': 0.01, 'n_estimators': 500, 'subsample': 0.9, 'colsample_bytree': 0.7, 'min_child_weight': 2, 'early_stopping_rounds': 20, 'n_jobs': 20}	42a9897a31
0.2960939884503694	0.2296943288463392	0.1354004485375527	0.7463789583373202	0.7452584235540963	top5_abundant_msi_full_rna	ridge	{'alpha': 200.0}	be07cc23e0
0.2966191102640745	0.2269607508223968	0.1336646096171225	0.7454250372068147	0.7488677030579295	top5_abundant_msi_full_rna	elastic_net	{'alpha': 0.01, 'l1_ratio': 0.5}	1d0acc39e7
0.3000403094105324	0.2293711790972213	0.1125354585576798	0.7387644336170155	0.7419082124016024	top5_abundant_msi_full_rna	lasso	{'alpha': 0.01}	7089caa638
0.8373070665436483	0.6302565336227417	-6.057421684265137	0.31576896	0.3465944791964395	top5_abundant_msi_full_rna	cvae	{'hidden_dim': 256, 'latent_dim': 40, 'lr': 0.0002, 'epochs': 250, 'batch_size': 128}	3eda8cff42
1.003799339286922	0.74686035026412	-8.92982947715785	0.2513961382762248	0.2940259904078025	top5_abundant_msi_full_rna	linear	{'parm': 0}	65756f569d
