rmse	mae	r2	pearson	spearman	task	method_name	method_params	hash
0.8832193972924632	0.6761935949325562	-6.8722662925720215	0.30490258	0.3259459547900354	top5_abundant_msi_full_rna	cvae	{'hidden_dim': 512, 'latent_dim': 50, 'lr': 0.0003, 'epochs': 200, 'batch_size': 128}	369f71bd81
