rmse	mae	r2	pearson	spearman	task	method_name	method_params	hash
0.8581812456872798	0.6503171920776367	-4.527176856994629	0.48519483	0.496580103610709	top20_abundant_msi_full_rna	cvae	{'hidden_dim': 256, 'latent_dim': 40, 'lr': 0.0002, 'epochs': 250, 'batch_size': 128}	21795e2f55
