rmse	mae	r2	pearson	spearman	task	method_name	method_params	hash
0.32318725943038035	0.25193470371886517	-0.02962710694653725	0.7016581218858466	0.7013865460076438	top5_abundant_msi_full_rna	elastic_net	{'alpha': 0.001, 'l1_ratio': 0.5}	f39e37bd26
