rmse	mae	r2	pearson	spearman	task	method_name	method_params	hash
0.3147251992474223	0.24179450698404073	0.025424983182101447	0.707602011158427	0.7067141373955556	top5_abundant_msi_full_rna	elastic_net	{'alpha': 0.1, 'l1_ratio': 0.9}	58b7f4cc54
