rmse	mae	r2	pearson	spearman	task	method_name	method_params	hash
0.3398433117527614	0.26020288173765244	0.03347531649340561	0.7191658349701946	0.66695867600571	top10_abundant_msi_full_rna	elastic_net	{'alpha': 0.1, 'l1_ratio': 0.5}	97f8097511
