rmse	mae	r2	pearson	spearman	task	method_name	method_params	hash
0.2323060201902022	0.1823451794587611	-0.0252564492805302	0.9618655198435802	0.8938856861431648	V11L12_MOSCOT_selected_genes_full_msi	elastic_net	{'alpha': 0.1, 'l1_ratio': 0.1}	0d1cb73f07
0.2323226248005486	0.1823525617025885	-0.0253836504095598	0.9618570762332372	0.8938851597480701	V11L12_MOSCOT_selected_genes_full_msi	lasso	{'alpha': 0.01}	d15e265adf
0.232771514367671	0.1825058329039636	-0.0300777240266158	0.961719155216844	0.8935132311912651	V11L12_MOSCOT_selected_genes_full_msi	ridge	{'alpha': 200.0}	94aad48491
0.233330873752096	0.1845225631060336	-0.0373381426530606	0.9617004354436052	0.8935550028393985	V11L12_MOSCOT_selected_genes_full_msi	xgboost	{'alpha': 10, 'lambda': 50, 'max_depth': 5, 'learning_rate': 0.01, 'n_estimators': 500, 'subsample': 0.9, 'colsample_bytree': 0.7, 'min_child_weight': 2, 'early_stopping_rounds': 20, 'n_jobs': 20}	3e78720ae2
0.2338223281882748	0.1831717630357003	-0.039593367997628	0.9613594191293932	0.892597104832038	V11L12_MOSCOT_selected_genes_full_msi	linear	{'parm': 0}	5f2c072462
0.2522403794666691	0.186103954911232	-0.0768228843808174	0.9601524	0.8897482305720978	V11L12_MOSCOT_selected_genes_full_msi	cvae	{'hidden_dim': 256, 'latent_dim': 20, 'lr': 0.0005, 'epochs': 150, 'batch_size': 64}	4cac52e822
