rmse	mae	r2	pearson	spearman	task	method_name	method_params	hash
0.2970582210271487	0.22797745906474445	-0.050870880793875896	0.9706861263399282	0.9348799858847964	V11L12_MOSCOT_selected_genes_selected_msi	elastic_net	{'alpha': 0.1, 'l1_ratio': 0.9}	08877a4539
