rmse	mae	r2	pearson	spearman	task	method_name	method_params	hash
0.3462159425132937	0.265224295292672	-0.0015195782939028124	0.7064655337586154	0.651464784970929	top10_abundant_msi_full_rna	lasso	{'alpha': 100.0}	f0e7c4e478
