rmse	mae	r2	pearson	spearman	task	method_name	method_params	hash
0.3582073081362631	0.2730179044526329	0.1132428822253928	0.8310543578841469	0.8328313763465984	top20_abundant_msi_full_rna	xgboost	{'alpha': 10, 'lambda': 50, 'max_depth': 5, 'learning_rate': 0.01, 'n_estimators': 500, 'subsample': 0.9, 'colsample_bytree': 0.7, 'min_child_weight': 2, 'early_stopping_rounds': 20, 'n_jobs': 20}	24dec28193
0.3634435678185056	0.2765161660006528	0.0911006227352072	0.8245476159254989	0.8266573147794468	top20_abundant_msi_full_rna	elastic_net	{'alpha': 0.01, 'l1_ratio': 0.5}	a60273cefb
0.3664765044681607	0.2784673453993129	0.0744187211199868	0.8217649939907328	0.8255449213113599	top20_abundant_msi_full_rna	lasso	{'alpha': 0.01}	5fee27983b
0.3683396744570707	0.282284761484579	0.0663212272156378	0.8191371638536977	0.817687895612623	top20_abundant_msi_full_rna	ridge	{'alpha': 200.0}	443ecce4f5
0.8581812456872798	0.6503171920776367	-4.527176856994629	0.48519483	0.496580103610709	top20_abundant_msi_full_rna	cvae	{'hidden_dim': 256, 'latent_dim': 40, 'lr': 0.0002, 'epochs': 250, 'batch_size': 128}	21795e2f55
1.2730857190858096	0.9512817550840084	-10.167584353972613	0.3241236524730398	0.3707304819687293	top20_abundant_msi_full_rna	linear	{'parm': 0}	2965d1063e
