rmse	mae	r2	pearson	spearman	task	method_name	method_params	hash
0.2323798489165119	0.1824581010371139	-0.02558589554172636	0.9618383480368882	0.8937979769862779	V11L12_MOSCOT_selected_genes_full_msi	elastic_net	{'alpha': 0.1, 'l1_ratio': 0.5}	aa81d45330
