rmse	mae	r2	pearson	spearman	task	method_name	method_params	hash
0.32889070010243654	0.2522042520388126	0.09628470827852362	0.7391445586501882	0.6882782979089773	top10_abundant_msi_full_rna	elastic_net	{'alpha': 0.01, 'l1_ratio': 0.5}	6736a47acb
